1,Klemens,Brabbs,kbrabbs0@oracle.com,Male,Mauritius
2,Shanta,Nowakowska,snowakowska1@skyrock.com,Polygender,Poland
3,Pepi,MacGiffin,pmacgiffin2@freewebs.com,Female,Canada
4,Marion,Matiashvili,mmatiashvili3@tumblr.com,Male,Poland
5,Diego,Duthy,dduthy4@samsung.com,Male,Iraq
6,Blake,Schindler,bschindler5@cnn.com,Male,China
7,Mair,Willmer,mwillmer6@blog.com,Female,China
8,Nicolea,Aird,naird7@quantcast.com,Female,Vietnam
9,Zachariah,Balderstone,zbalderstone8@trellian.com,Male,Russia
10,Abbey,Baike,abaike9@vk.com,Male,France
11,Shayla,Middlemiss,smiddlemissa@wordpress.org,Female,Russia
12,Rena,Parriss,rparrissb@ebay.co.uk,Female,Philippines
13,Orly,Mulkerrins,omulkerrinsc@cloudflare.com,Female,Indonesia
14,Drake,Dunmore,ddunmored@ask.com,Male,China
15,Herschel,Pawlaczyk,hpawlaczyke@ocn.ne.jp,Male,Poland
16,Sayre,Cattrell,scattrellf@hibu.com,Male,China
17,Xylina,Bellany,xbellanyg@symantec.com,Female,Sweden
18,Hewett,Sorro,hsorroh@g.co,Male,China
19,Petey,Safont,psafonti@comcast.net,Male,United States
20,Lazarus,Lornsen,llornsenj@technorati.com,Male,Morocco
21,Doroteya,Frid,dfridk@skype.com,Female,Indonesia
22,Berti,Manjot,bmanjotl@addtoany.com,Male,Ukraine
23,Germaine,Kubat,gkubatm@go.com,Genderfluid,Philippines
24,Valenka,Dinneges,vdinnegesn@cargocollective.com,Genderfluid,Argentina
25,Hamilton,Illingworth,hillingwortho@google.co.uk,Male,Ireland
26,Gilles,Daice,gdaicep@angelfire.com,Male,Afghanistan
27,Wendel,Mohammad,wmohammadq@chicagotribune.com,Male,Brazil
28,Roselle,Keston,rkestonr@goodreads.com,Female,Colombia
29,Casper,Matejka,cmatejkas@yellowbook.com,Male,China
30,Allen,Brussell,abrussellt@sun.com,Male,Finland
31,Rodi,Giacomoni,rgiacomoniu@reverbnation.com,Female,France
32,Lisle,Pymar,lpymarv@go.com,Male,Uzbekistan
33,Merilyn,Rapaport,mrapaportw@mit.edu,Female,China
34,Ethelda,Davey,edaveyx@infoseek.co.jp,Female,Ukraine
35,Crystie,MacGray,cmacgrayy@fastcompany.com,Female,Indonesia
36,Cora,Starton,cstartonz@purevolume.com,Polygender,Uganda
37,Marie-jeanne,Drakeford,mdrakeford10@weibo.com,Female,Philippines
38,Demetris,Giannazzo,dgiannazzo11@seesaa.net,Male,Indonesia
39,Jonathan,Antonomoli,jantonomoli12@goo.ne.jp,Male,China
40,Hayyim,Sysland,hsysland13@51.la,Male,Philippines
41,Kristoffer,Vennart,kvennart14@oakley.com,Male,Sweden
42,Carolee,Poulglais,cpoulglais15@about.me,Female,Poland
43,Marita,Raiker,mraiker16@yandex.ru,Female,Greece
44,Gawain,Barden,gbarden17@youtube.com,Male,Portugal
45,Paulita,Fulger,pfulger18@thetimes.co.uk,Female,Russia
46,Brandy,Wornham,bwornham19@stumbleupon.com,Female,China
47,Laryssa,Kays,lkays1a@qq.com,Genderfluid,Philippines
48,Carissa,Hammelberg,chammelberg1b@hatena.ne.jp,Agender,Brazil
49,Falito,Frackiewicz,ffrackiewicz1c@apache.org,Male,Taiwan
50,Lu,McCurrie,lmccurrie1d@nps.gov,Female,Portugal
51,Patrice,Rohloff,prohloff1e@ihg.com,Male,Azerbaijan
52,Osborne,Hallwell,ohallwell1f@marketwatch.com,Male,France
53,Phillis,Alenichicov,palenichicov1g@house.gov,Female,Indonesia
54,Rouvin,Jahner,rjahner1h@google.pl,Male,China
55,Mano,Redhouse,mredhouse1i@vkontakte.ru,Male,Belarus
56,Abie,Fetherstone,afetherstone1j@issuu.com,Male,Indonesia
57,Cirilo,Jesse,cjesse1k@ucla.edu,Male,Colombia
58,Minny,Jeffress,mjeffress1l@artisteer.com,Female,Brazil
59,Toddie,Titmarsh,ttitmarsh1m@alibaba.com,Male,China
60,Camellia,Mote,cmote1n@epa.gov,Female,Colombia
61,Em,Wilfing,ewilfing1o@nba.com,Male,Greece
62,Sibilla,Curdell,scurdell1p@usatoday.com,Female,France
63,Otha,Banasevich,obanasevich1q@stanford.edu,Female,Portugal
64,Leticia,Nielson,lnielson1r@meetup.com,Female,Brazil
65,Garwin,Folkerd,gfolkerd1s@github.io,Male,Poland
66,Mendie,Lilloe,mlilloe1t@nps.gov,Male,Georgia
67,Shannon,Saich,ssaich1u@bbc.co.uk,Female,Nigeria
68,Hymie,Exer,hexer1v@weibo.com,Male,Indonesia
69,Archibald,Gherardini,agherardini1w@springer.com,Male,China
70,Merv,Toderbrugge,mtoderbrugge1x@twitter.com,Male,China
71,Stanwood,Mold,smold1y@yandex.ru,Male,China
72,Morena,Lowery,mlowery1z@oaic.gov.au,Female,Thailand
73,Isis,Mc Menamin,imcmenamin20@networksolutions.com,Female,Guam
74,Blaire,Papworth,bpapworth21@tamu.edu,Female,Pakistan
75,Dallas,MacDwyer,dmacdwyer22@marketwatch.com,Female,Spain
76,Timmy,MacEveley,tmaceveley23@nytimes.com,Female,China
77,Ashlie,Lulham,alulham24@miibeian.gov.cn,Female,Costa Rica
78,Vergil,Mullenger,vmullenger25@creativecommons.org,Male,Indonesia
79,Carney,Baude,cbaude26@mlb.com,Male,China
80,Nichol,Gillice,ngillice27@ning.com,Female,Brazil
81,Kira,Hovy,khovy28@china.com.cn,Female,Poland
82,Doro,Ambrodi,dambrodi29@senate.gov,Agender,Indonesia
83,Iorgo,Wratten,iwratten2a@cdc.gov,Male,Vietnam
84,Cyndi,Howlin,chowlin2b@berkeley.edu,Female,Finland
85,Terrence,Demcak,tdemcak2c@toplist.cz,Male,Thailand
86,Jonis,Landre,jlandre2d@mediafire.com,Non-binary,Sweden
87,Dorry,Siddle,dsiddle2e@trellian.com,Female,Sudan
88,Phillip,Odde,podde2f@biblegateway.com,Male,China
89,Loraine,Winger,lwinger2g@google.it,Bigender,Norway
90,Nance,Ulrik,nulrik2h@whitehouse.gov,Agender,Greece
91,Yule,Bener,ybener2i@blog.com,Male,Japan
92,Jarib,Riccardi,jriccardi2j@msn.com,Male,China
93,Fanchon,Chooter,fchooter2k@w3.org,Female,France
94,Gussy,Laydon,glaydon2l@1und1.de,Female,Reunion
95,Lulu,Trapp,ltrapp2m@go.com,Female,France
96,Teresa,Aveyard,taveyard2n@mashable.com,Polygender,Vietnam
97,Desmond,Melland,dmelland2o@unicef.org,Male,Russia
98,Cher,Bellin,cbellin2p@engadget.com,Female,Indonesia
99,Cleon,Ratledge,cratledge2q@rediff.com,Male,Peru
100,Dolf,Posselt,dposselt2r@bizjournals.com,Male,French Polynesia
101,Mendie,Bampford,mbampford2s@delicious.com,Male,Indonesia
102,Lita,Rounsefull,lrounsefull2t@vimeo.com,Female,China
103,Floris,Helder,fhelder2u@webnode.com,Female,Mexico
104,Fidole,Rajchert,frajchert2v@goo.gl,Male,Indonesia
105,Ingaborg,Southcott,isouthcott2w@nhs.uk,Genderfluid,Indonesia
106,Dion,Ragless,dragless2x@hp.com,Male,Russia
107,Tomkin,Torrisi,ttorrisi2y@hubpages.com,Male,Czech Republic
108,Ramona,Pudding,rpudding2z@japanpost.jp,Female,Albania
109,Jed,Hourstan,jhourstan30@geocities.com,Male,Portugal
110,Cassey,Rasp,crasp31@1und1.de,Female,China
111,Jamie,Marten,jmarten32@nytimes.com,Female,China
112,Clywd,Kollas,ckollas33@loc.gov,Male,Moldova
113,Bevan,Battson,bbattson34@clickbank.net,Male,Sweden
114,Geno,Tremolieres,gtremolieres35@com.com,Male,Belarus
115,Pate,Dionisetti,pdionisetti36@cnbc.com,Male,Mexico
116,Karlen,Burman,kburman37@1und1.de,Female,Uzbekistan
117,Orton,Hebborne,ohebborne38@shop-pro.jp,Male,China
118,Gustie,De Malchar,gdemalchar39@springer.com,Female,Argentina
119,Mack,Raven,mraven3a@weibo.com,Male,Sweden
120,Merrie,Croxon,mcroxon3b@mayoclinic.com,Female,China
121,Margi,Rex,mrex3c@noaa.gov,Polygender,Brazil
122,Bradan,Bahlmann,bbahlmann3d@reference.com,Male,Thailand
123,Jeffy,Canacott,jcanacott3e@wikimedia.org,Male,Cambodia
124,Willetta,McKinnon,wmckinnon3f@slideshare.net,Female,Indonesia
125,Garnette,Custed,gcusted3g@berkeley.edu,Female,China
126,Yoshiko,Harce,yharce3h@cbc.ca,Female,China
127,Brad,Vasilyevski,bvasilyevski3i@rediff.com,Male,Bosnia and Herzegovina
128,Filberte,Mosson,fmosson3j@1und1.de,Male,Sweden
129,Vevay,Rathke,vrathke3k@europa.eu,Bigender,Lithuania
130,Urbano,Shyram,ushyram3l@deliciousdays.com,Male,China
131,Maurie,Pedley,mpedley3m@omniture.com,Male,Czech Republic
132,Moe,MacSharry,mmacsharry3n@naver.com,Male,Ukraine
133,Caril,Baskerville,cbaskerville3o@ebay.co.uk,Genderfluid,China
134,Belicia,Fippe,bfippe3p@nymag.com,Female,China
135,Land,Sime,lsime3q@virginia.edu,Male,China
136,Vanna,Mithun,vmithun3r@yahoo.com,Female,Russia
137,Zelig,Bentson,zbentson3s@ucoz.ru,Male,Uganda
138,Liana,Dankov,ldankov3t@sakura.ne.jp,Female,Brazil
139,Elladine,Geane,egeane3u@artisteer.com,Female,Portugal
140,Forester,Borrell,fborrell3v@hp.com,Male,Indonesia
141,Loren,Winfield,lwinfield3w@admin.ch,Female,Sweden
142,Carmelle,Stoffersen,cstoffersen3x@gnu.org,Female,Philippines
143,Meaghan,Beecheno,mbeecheno3y@a8.net,Female,France
144,Marcos,Drayton,mdrayton3z@flavors.me,Male,France
145,Marge,Goldby,mgoldby40@skype.com,Female,China
146,Kore,Jiran,kjiran41@xing.com,Female,China
147,Sadie,Hoffner,shoffner42@imdb.com,Polygender,Greece
148,Emelia,O'Dreain,eodreain43@networksolutions.com,Female,Portugal
149,Traver,Borham,tborham44@360.cn,Male,China
150,Angelina,Whistan,awhistan45@craigslist.org,Female,China
151,Lezley,Haney,lhaney46@soup.io,Male,Indonesia
152,Eliot,Rotherham,erotherham47@hubpages.com,Male,Japan
153,Devin,Fortnam,dfortnam48@soundcloud.com,Male,Morocco
154,Berti,Chuck,bchuck49@paypal.com,Male,Portugal
155,Karlens,Lockart,klockart4a@google.fr,Male,Colombia
156,Hiram,Waddoups,hwaddoups4b@ca.gov,Male,Tunisia
157,Silvan,Smitheram,ssmitheram4c@istockphoto.com,Male,Nicaragua
158,Joaquin,MacAdam,jmacadam4d@goo.ne.jp,Male,Indonesia
159,Gabriell,Storrock,gstorrock4e@chicagotribune.com,Female,Indonesia
160,Witty,Rembrant,wrembrant4f@springer.com,Male,Czech Republic
161,Abra,Enns,aenns4g@histats.com,Female,Taiwan
162,Molly,Crisall,mcrisall4h@joomla.org,Female,Nigeria
163,Matias,Paulitschke,mpaulitschke4i@multiply.com,Male,Indonesia
164,Pollyanna,Merryfield,pmerryfield4j@wsj.com,Female,Serbia
165,Doralia,Francioli,dfrancioli4k@hexun.com,Agender,Peru
166,Gilbertine,Rathbourne,grathbourne4l@mediafire.com,Female,China
167,Dodi,Dugue,ddugue4m@lulu.com,Female,Nigeria
168,Thayne,Baike,tbaike4n@google.es,Male,Sweden
169,Richart,Abden,rabden4o@xrea.com,Male,Portugal
170,Lauryn,Lingley,llingley4p@twitter.com,Female,Ukraine
171,Gradey,Orritt,gorritt4q@hud.gov,Bigender,China
172,Stephine,Garrie,sgarrie4r@theatlantic.com,Female,China
173,Berkeley,Long,blong4s@qq.com,Male,Indonesia
174,Bettine,Clendinning,bclendinning4t@psu.edu,Female,Portugal
175,Bobbi,Keane,bkeane4u@ox.ac.uk,Female,Philippines
176,Yank,Acosta,yacosta4v@wordpress.org,Male,China
177,Israel,Cleare,icleare4w@google.co.uk,Male,Azerbaijan
178,Brenna,Donaghy,bdonaghy4x@reuters.com,Female,Cuba
179,Florie,Tregear,ftregear4y@wikia.com,Female,Russia
180,Olivero,Guitonneau,oguitonneau4z@timesonline.co.uk,Male,Armenia
181,Leland,Ebrall,lebrall50@zdnet.com,Male,China
182,Madalyn,Southernwood,msouthernwood51@foxnews.com,Female,Poland
183,Avigdor,Dunbobin,adunbobin52@sphinn.com,Male,Czech Republic
184,Alden,Bowskill,abowskill53@360.cn,Male,Sri Lanka
185,Consuela,Shambroke,cshambroke54@latimes.com,Female,Thailand
186,Julina,Dinesen,jdinesen55@reference.com,Female,Indonesia
187,Jolee,Balint,jbalint56@army.mil,Female,United States
188,Emilia,Filipovic,efilipovic57@mapy.cz,Female,China
189,Jamima,Baiden,jbaiden58@printfriendly.com,Genderfluid,Egypt
190,Jacqueline,Antonnikov,jantonnikov59@tumblr.com,Female,China
191,Jordanna,O'Sullivan,josullivan5a@ebay.com,Female,Indonesia
192,Monica,Varrow,mvarrow5b@java.com,Female,China
193,Carl,Beebis,cbeebis5c@plala.or.jp,Male,United States
194,Ezmeralda,Rudledge,erudledge5d@is.gd,Female,Ukraine
195,Simone,Weich,sweich5e@uiuc.edu,Male,France
196,Serena,Nevin,snevin5f@arizona.edu,Female,Czech Republic
197,Agosto,Cutajar,acutajar5g@mlb.com,Male,Brazil
198,Jasen,Svanetti,jsvanetti5h@geocities.jp,Bigender,Mexico
199,Conrado,Chisman,cchisman5i@dot.gov,Male,Indonesia
200,Michaeline,Mapstone,mmapstone5j@bravesites.com,Female,Bulgaria
201,Langston,Donnersberg,ldonnersberg5k@google.fr,Male,China
202,Flossy,Rouby,frouby5l@discovery.com,Female,China
203,Alejandra,Sorrell,asorrell5m@dell.com,Female,South Korea
204,Sacha,Streetfield,sstreetfield5n@wikia.com,Female,Spain
205,Fons,Congreve,fcongreve5o@tiny.cc,Male,Portugal
206,Tim,Epgrave,tepgrave5p@nyu.edu,Female,Portugal
207,Tedie,Godmer,tgodmer5q@amazon.co.uk,Male,Poland
208,Tomas,Blakebrough,tblakebrough5r@cargocollective.com,Male,Peru
209,Cristobal,Casellas,ccasellas5s@goo.ne.jp,Male,Slovenia
210,Tildy,Hymus,thymus5t@ebay.com,Female,Russia
211,Nilson,McIlwrick,nmcilwrick5u@gizmodo.com,Male,Mexico
212,Hatty,Caistor,hcaistor5v@yahoo.com,Female,China
213,Tris,Murkin,tmurkin5w@omniture.com,Male,Costa Rica
214,Jorrie,Desporte,jdesporte5x@irs.gov,Female,Czech Republic
215,Marieann,Tuplin,mtuplin5y@prlog.org,Female,Brazil
216,Vera,Jerdan,vjerdan5z@nba.com,Female,Russia
217,Dinnie,Probbings,dprobbings60@pcworld.com,Agender,Russia
218,Dari,MacDwyer,dmacdwyer61@yellowpages.com,Female,Jordan
219,Gertruda,Grigg,ggrigg62@desdev.cn,Female,United States
220,Hugibert,Josiah,hjosiah63@people.com.cn,Bigender,China
221,Chick,Gentil,cgentil64@smugmug.com,Male,Brazil
222,Tamera,Wissby,twissby65@xing.com,Female,Morocco
223,Lorilee,Sarjent,lsarjent66@businessinsider.com,Female,China
224,Obed,Isacoff,oisacoff67@china.com.cn,Male,Slovenia
225,Ives,Folkerd,ifolkerd68@merriam-webster.com,Male,Poland
226,Loydie,Trevers,ltrevers69@hugedomains.com,Male,Canada
227,Pate,Pitway,ppitway6a@wikipedia.org,Male,Russia
228,Ambrose,Gabey,agabey6b@gravatar.com,Male,Germany
229,Daphene,Sebire,dsebire6c@xing.com,Female,Poland
230,Celka,Faraday,cfaraday6d@hao123.com,Polygender,Mexico
231,Cammi,Tummond,ctummond6e@ebay.co.uk,Female,Burkina Faso
232,Kellsie,Worham,kworham6f@oracle.com,Female,China
233,Devi,Speeding,dspeeding6g@networksolutions.com,Female,Guatemala
234,Gawen,Karsh,gkarsh6h@edublogs.org,Agender,United States
235,Benson,Miall,bmiall6i@scientificamerican.com,Bigender,Peru
236,Alain,Manhood,amanhood6j@globo.com,Male,Lithuania
237,Kira,Cardenosa,kcardenosa6k@cnbc.com,Female,Brazil
238,Dell,Syder,dsyder6l@engadget.com,Male,Mexico
239,Catriona,Gallie,cgallie6m@scientificamerican.com,Female,Sweden
240,Caril,Schneidar,cschneidar6n@who.int,Female,Germany
241,Casar,Corradengo,ccorradengo6o@epa.gov,Male,Spain
242,Bettina,O'Hartnedy,bohartnedy6p@taobao.com,Female,Philippines
243,Edlin,Keets,ekeets6q@wisc.edu,Non-binary,Brazil
244,Abbot,MacVicar,amacvicar6r@europa.eu,Genderqueer,Indonesia
245,Zachery,Knell,zknell6s@phoca.cz,Male,Philippines
246,Irvine,Ambrogelli,iambrogelli6t@google.nl,Male,Argentina
247,Lilli,Greensitt,lgreensitt6u@twitter.com,Female,Portugal
248,Selestina,Jirek,sjirek6v@wix.com,Female,Indonesia
249,Dallon,Battin,dbattin6w@china.com.cn,Male,Israel
250,Marje,Berfoot,mberfoot6x@eepurl.com,Female,Indonesia
251,Christabel,McJury,cmcjury6y@cbslocal.com,Female,Poland
252,Andeee,Pleasance,apleasance6z@msn.com,Female,China
253,Conant,O'Doireidh,codoireidh70@nbcnews.com,Agender,Venezuela
254,Bord,Geertz,bgeertz71@typepad.com,Male,Russia
255,Scotty,Palfreeman,spalfreeman72@hp.com,Male,China
256,Adey,Claw,aclaw73@scribd.com,Female,Serbia
257,Bertram,Collingridge,bcollingridge74@soup.io,Male,Cuba
258,Alma,Madrell,amadrell75@omniture.com,Female,Albania
259,Austin,McCumskay,amccumskay76@boston.com,Male,Australia
260,Torrence,Rylatt,trylatt77@si.edu,Male,Venezuela
261,Lesley,Fisby,lfisby78@facebook.com,Male,Brazil
262,Derek,Churn,dchurn79@infoseek.co.jp,Male,China
263,Marie-ann,Peggs,mpeggs7a@scientificamerican.com,Female,Russia
264,Harley,Dick,hdick7b@businesswire.com,Male,Indonesia
265,Vanni,Mahy,vmahy7c@nasa.gov,Genderfluid,France
266,Lloyd,Flaunier,lflaunier7d@thetimes.co.uk,Male,United States
267,Cesya,Manser,cmanser7e@indiegogo.com,Female,Indonesia
268,Victoir,Cabrales,vcabrales7f@hhs.gov,Male,Argentina
269,Patrizio,Stockwell,pstockwell7g@bravesites.com,Male,Guatemala
270,Cello,Stark,cstark7h@amazon.de,Male,China
271,Alta,Fowle,afowle7i@pbs.org,Female,Indonesia
272,Marmaduke,Blaskett,mblaskett7j@g.co,Male,Czech Republic
273,Catie,Duinbleton,cduinbleton7k@posterous.com,Female,Philippines
274,Burgess,Butt Gow,bbuttgow7l@delicious.com,Male,Thailand
275,Billye,Barbisch,bbarbisch7m@toplist.cz,Female,Indonesia
276,Andrea,Gwyneth,agwyneth7n@xinhuanet.com,Female,Czech Republic
277,Laurie,Aizlewood,laizlewood7o@omniture.com,Female,Czech Republic
278,Samaria,Sammes,ssammes7p@bloglines.com,Female,Mexico
279,Marley,Puckring,mpuckring7q@tmall.com,Female,Philippines
280,Gregory,Pearse,gpearse7r@archive.org,Male,Indonesia
281,Rosetta,Bushnell,rbushnell7s@businessinsider.com,Female,Sweden
282,Puff,Howling,phowling7t@amazon.com,Male,El Salvador
283,Harp,Lucia,hlucia7u@umich.edu,Male,Indonesia
284,Bobby,Bains,bbains7v@disqus.com,Female,Philippines
285,Cindee,Jore,cjore7w@dion.ne.jp,Female,Honduras
286,Shannen,Widdop,swiddop7x@yahoo.com,Female,North Korea
287,Melisande,Steer,msteer7y@oaic.gov.au,Female,Indonesia
288,Othella,Trewman,otrewman7z@hexun.com,Female,Russia
289,Ewart,Paschke,epaschke80@globo.com,Male,Indonesia
290,Bertrand,Wikey,bwikey81@hud.gov,Male,Thailand
291,Chuck,Pelcheur,cpelcheur82@house.gov,Male,France
292,Myer,Beranek,mberanek83@skype.com,Male,Philippines
293,Casey,Tander,ctander84@state.tx.us,Female,China
294,Karoline,Antoni,kantoni85@forbes.com,Female,China
295,Florance,Harry,fharry86@utexas.edu,Female,Ukraine
296,Khalil,Parkes,kparkes87@instagram.com,Genderqueer,Croatia
297,Lezley,Egre,legre88@creativecommons.org,Agender,China
298,Gussy,Cotgrave,gcotgrave89@jimdo.com,Female,Philippines
299,Nonnah,Yushankin,nyushankin8a@smh.com.au,Bigender,Guatemala
300,Adorne,Tudor,atudor8b@pen.io,Female,Indonesia
301,Ivie,Anglim,ianglim8c@163.com,Female,China
302,Eduino,Peddowe,epeddowe8d@dailymail.co.uk,Male,Greece
303,Aldwin,Chipperfield,achipperfield8e@g.co,Male,Russia
304,Burch,Kobera,bkobera8f@phoca.cz,Male,Poland
305,Avictor,Cuningham,acuningham8g@google.fr,Male,China
306,Jodie,Brookton,jbrookton8h@youku.com,Female,Colombia
307,Alejoa,Lynnitt,alynnitt8i@bluehost.com,Male,Ukraine
308,Hamel,Brumham,hbrumham8j@chicagotribune.com,Non-binary,Indonesia
309,Kameko,Farquhar,kfarquhar8k@salon.com,Female,Indonesia
310,Madella,Kuhnke,mkuhnke8l@domainmarket.com,Female,Indonesia
311,Wyatan,MacIan,wmacian8m@g.co,Male,China
312,Teodoro,Depka,tdepka8n@pinterest.com,Male,Czech Republic
313,Madlin,Musker,mmusker8o@gov.uk,Female,Indonesia
314,Ase,Mattielli,amattielli8p@businessweek.com,Male,Panama
315,Antons,Pretor,apretor8q@yolasite.com,Male,Faroe Islands
316,Mary,Staddon,mstaddon8r@usnews.com,Female,Chad
317,Haley,Sharville,hsharville8s@symantec.com,Female,France
318,Otis,Lawrenz,olawrenz8t@seesaa.net,Male,Philippines
319,Sheppard,Sandlin,ssandlin8u@tripadvisor.com,Male,Peru
320,Cosimo,Tunesi,ctunesi8v@msu.edu,Genderfluid,Sweden
321,Karin,Mardall,kmardall8w@yale.edu,Agender,Czech Republic
322,Annaliese,Sabater,asabater8x@alexa.com,Female,China
323,Bill,Gaucher,bgaucher8y@phoca.cz,Male,Kenya
324,Rozella,Hindmoor,rhindmoor8z@rambler.ru,Female,France
325,Maynard,Olivelli,molivelli90@hostgator.com,Male,Mauritius
326,Gui,Rosell,grosell91@uol.com.br,Female,Portugal
327,Teddy,Skellion,tskellion92@is.gd,Female,China
328,Herta,Lampart,hlampart93@infoseek.co.jp,Female,Philippines
329,Catriona,Alves,calves94@com.com,Female,North Korea
330,Morrie,Muffen,mmuffen95@yahoo.com,Male,Yemen
331,Katharyn,Donati,kdonati96@edublogs.org,Female,Czech Republic
332,Sara-ann,Sebert,ssebert97@hud.gov,Female,Kazakhstan
333,Dara,Oddey,doddey98@mail.ru,Female,China
334,Brice,Bartoshevich,bbartoshevich99@geocities.com,Male,Vietnam
335,Rees,Devine,rdevine9a@dailymotion.com,Male,Philippines
336,Marysa,Slixby,mslixby9b@live.com,Female,Brazil
337,Quinn,Vango,qvango9c@ustream.tv,Agender,France
338,Elsbeth,Hawkwood,ehawkwood9d@naver.com,Non-binary,North Korea
339,Binky,Beddingham,bbeddingham9e@blogspot.com,Male,Portugal
340,Ede,Dumke,edumke9f@amazonaws.com,Female,Indonesia
341,Diego,Shirer,dshirer9g@google.cn,Male,Mexico
342,Ag,Hinstridge,ahinstridge9h@skyrock.com,Genderfluid,Russia
343,Georgetta,McOrkil,gmcorkil9i@shinystat.com,Female,China
344,Carmencita,Bener,cbener9j@pinterest.com,Female,China
345,Emlen,Prevost,eprevost9k@pen.io,Male,Mexico
346,Donalt,Beney,dbeney9l@kickstarter.com,Male,Vietnam
347,Margaretta,Bracchi,mbracchi9m@cnn.com,Female,China
348,Dag,Thay,dthay9n@who.int,Male,Philippines
349,Lorita,Eger,leger9o@ftc.gov,Female,Indonesia
350,Don,Slucock,dslucock9p@google.cn,Male,Madagascar
351,Aguie,Scibsey,ascibsey9q@wufoo.com,Male,Russia
352,Joachim,Sheer,jsheer9r@wufoo.com,Male,Poland
353,Wang,Bank,wbank9s@acquirethisname.com,Male,Mauritius
354,Gail,Ludlam,gludlam9t@gov.uk,Male,South Africa
355,Jervis,Garthshore,jgarthshore9u@paypal.com,Male,Canada
356,Herbie,Doree,hdoree9v@zdnet.com,Male,Indonesia
357,Geno,Hallin,ghallin9w@miitbeian.gov.cn,Male,China
358,Noak,Sorrel,nsorrel9x@upenn.edu,Male,Philippines
359,Hilario,Pozzi,hpozzi9y@usa.gov,Male,Iran
360,Gerrard,Shavel,gshavel9z@nasa.gov,Male,Thailand
361,Omero,Duckitt,oduckitta0@shutterfly.com,Male,China
362,Robin,Gerlts,rgerltsa1@facebook.com,Male,Belarus
363,Otes,McKeney,omckeneya2@marketwatch.com,Male,Bangladesh
364,Jamill,Lacer,jlacera3@hubpages.com,Male,China
365,Nelli,Dallyn,ndallyna4@ifeng.com,Female,China
366,Andrei,Flucker,afluckera5@nhs.uk,Female,Canada
367,Dimitri,Hanshawe,dhanshawea6@japanpost.jp,Male,Iraq
368,Yul,Anthes,yanthesa7@time.com,Male,Indonesia
369,Neddie,Rudham,nrudhama8@salon.com,Male,Brazil
370,Leopold,Braams,lbraamsa9@1und1.de,Bigender,New Zealand
371,Antonetta,Putman,aputmanaa@friendfeed.com,Female,Canada
372,Carey,Coote,ccooteab@networksolutions.com,Male,China
373,Juliann,Merrall,jmerrallac@patch.com,Female,Thailand
374,Kathi,Bockin,kbockinad@nymag.com,Female,Poland
375,Nat,Mounce,nmounceae@wired.com,Female,Pakistan
376,Hewe,Currey,hcurreyaf@about.me,Male,France
377,Hillyer,Fowlds,hfowldsag@ebay.co.uk,Male,Ukraine
378,Dody,Thurlby,dthurlbyah@imgur.com,Female,Bosnia and Herzegovina
379,Keslie,Allsebrook,kallsebrookai@woothemes.com,Female,China
380,Aura,Badrock,abadrockaj@ibm.com,Female,Tunisia
381,Joe,Polson,jpolsonak@myspace.com,Male,China
382,Ana,Pickworth,apickworthal@mtv.com,Female,Indonesia
383,Swen,Gabites,sgabitesam@list-manage.com,Male,Afghanistan
384,Locke,Jewkes,ljewkesan@fastcompany.com,Male,Iraq
385,Darnell,Rowbotham,drowbothamao@furl.net,Male,Nigeria
386,Hildegarde,Jolliss,hjollissap@arstechnica.com,Genderfluid,Russia
387,Kally,Brickwood,kbrickwoodaq@yahoo.co.jp,Female,Indonesia
388,Gwendolin,Deverale,gdeveralear@xrea.com,Female,China
389,Maurise,Yesinin,myesininas@netlog.com,Female,China
390,Marius,McPeeters,mmcpeetersat@ucoz.ru,Male,Philippines
391,Joshua,Rhelton,jrheltonau@canalblog.com,Male,Indonesia
392,Lucilia,Bairstow,lbairstowav@1688.com,Female,Greece
393,Miner,Dericut,mdericutaw@zimbio.com,Male,Russia
394,Kirbee,Bramble,kbrambleax@smugmug.com,Genderqueer,Japan
395,Edan,Chasle,echasleay@umich.edu,Male,Philippines
396,Olympia,Kibbee,okibbeeaz@ft.com,Genderfluid,Russia
397,Margery,Yarrell,myarrellb0@dot.gov,Female,China
398,Ursuline,Shutler,ushutlerb1@myspace.com,Female,Indonesia
399,Imogen,Ellison,iellisonb2@weibo.com,Female,Sweden
400,Gardy,Lillie,glillieb3@uol.com.br,Male,France
401,Truman,Curteis,tcurteisb4@ehow.com,Male,China
402,Mufinella,Arthurs,marthursb5@cargocollective.com,Female,Namibia
403,Ives,Finnan,ifinnanb6@indiegogo.com,Male,China
404,Aylmar,Baltrushaitis,abaltrushaitisb7@google.cn,Male,Russia
405,Merrick,Tranter,mtranterb8@sbwire.com,Male,China
406,Jennica,Dyas,jdyasb9@github.io,Female,Philippines
407,Karole,Gerriets,kgerrietsba@nbcnews.com,Genderqueer,Indonesia
408,Derron,Cudihy,dcudihybb@timesonline.co.uk,Male,Philippines
409,Ingar,Foale,ifoalebc@cdbaby.com,Male,Philippines
410,Ole,McBryde,omcbrydebd@moonfruit.com,Male,China
411,Lorelei,Leaning,lleaningbe@jiathis.com,Female,United States
412,Kipp,Goater,kgoaterbf@rediff.com,Male,Indonesia
413,Jerrie,O'Hara,joharabg@rakuten.co.jp,Male,Sudan
414,Jayme,Cardenoso,jcardenosobh@issuu.com,Female,China
415,Webb,Housen,whousenbi@goo.gl,Male,United States
416,Nikolia,Havoc,nhavocbj@mlb.com,Female,Egypt
417,Alanah,Isles,aislesbk@chron.com,Female,Russia
418,Bryan,Naisbet,bnaisbetbl@livejournal.com,Genderqueer,Czech Republic
419,Benita,Power,bpowerbm@umich.edu,Female,Kenya
420,Carney,Silverthorn,csilverthornbn@nymag.com,Genderfluid,Peru
421,Carlyn,Ilyinykh,cilyinykhbo@dailymotion.com,Female,China
422,Farra,Coppo,fcoppobp@biblegateway.com,Female,Colombia
423,Janaya,Casserley,jcasserleybq@si.edu,Female,China
424,Fifine,McVeagh,fmcveaghbr@intel.com,Female,Panama
425,Dory,Round,droundbs@dropbox.com,Male,Czech Republic
426,Tierney,M'cowis,tmcowisbt@gizmodo.com,Female,Indonesia
427,Ulberto,De Bernardi,udebernardibu@histats.com,Male,Spain
428,Jermaine,Cottier,jcottierbv@vinaora.com,Male,United States
429,Carlina,Stukings,cstukingsbw@barnesandnoble.com,Female,Russia
430,Fiorenze,Andri,fandribx@oracle.com,Female,China
431,Benedick,Dudson,bdudsonby@imageshack.us,Male,Czech Republic
432,Lynnette,Kinnie,lkinniebz@feedburner.com,Female,Luxembourg
433,Sal,Chessman,schessmanc0@boston.com,Female,Poland
434,Broddie,Felder,bfelderc1@washington.edu,Male,Russia
435,Martino,Emanueli,memanuelic2@unc.edu,Male,Indonesia
436,Audra,Humbey,ahumbeyc3@latimes.com,Genderfluid,Indonesia
437,Merrie,Stearne,mstearnec4@wordpress.org,Female,Finland
438,Araldo,Nigh,anighc5@google.de,Male,Indonesia
439,Desiri,Goldine,dgoldinec6@wired.com,Female,Poland
440,Casper,Reily,creilyc7@ehow.com,Male,Indonesia
441,Jo-ann,Benallack,jbenallackc8@quantcast.com,Female,Micronesia
442,Kettie,People,kpeoplec9@fema.gov,Female,Ukraine
443,Cortney,Sighard,csighardca@washington.edu,Female,Dominican Republic
444,Riobard,Ruslinge,rruslingecb@dropbox.com,Male,Costa Rica
445,Phillida,Bennie,pbenniecc@com.com,Bigender,China
446,Samara,Cumberbatch,scumberbatchcd@prnewswire.com,Female,Gambia
447,Teddi,Speedy,tspeedyce@loc.gov,Female,Malaysia
448,Saul,Westley,swestleycf@hp.com,Male,Costa Rica
449,Vittorio,Bugg,vbuggcg@hao123.com,Male,Bulgaria
450,Erinna,Ryman,erymanch@goodreads.com,Female,Portugal
451,Cacilia,Brandino,cbrandinoci@nydailynews.com,Female,Russia
452,Shelley,Joanic,sjoaniccj@addthis.com,Male,Indonesia
453,Cornelle,Yirrell,cyirrellck@behance.net,Female,China
454,Casar,Doust,cdoustcl@deviantart.com,Male,Albania
455,Damon,Trippick,dtrippickcm@twitpic.com,Male,Poland
456,Davide,Maddrah,dmaddrahcn@ycombinator.com,Male,Philippines
457,Corbin,Fearnyough,cfearnyoughco@pcworld.com,Male,Indonesia
458,Derron,Frankton,dfranktoncp@bluehost.com,Male,Ecuador
459,Noach,Swait,nswaitcq@toplist.cz,Male,China
460,Doralia,Boycott,dboycottcr@alexa.com,Bigender,United States
461,Wenonah,Warham,wwarhamcs@intel.com,Female,Peru
462,Fidelity,Dungee,fdungeect@nydailynews.com,Female,China
463,Benedicta,Klimt,bklimtcu@liveinternet.ru,Female,South Africa
464,Sheela,Killingbeck,skillingbeckcv@dailymail.co.uk,Female,Indonesia
465,Brant,Pakeman,bpakemancw@phpbb.com,Male,Peru
466,Meaghan,Given,mgivencx@loc.gov,Female,Pakistan
467,Eimile,Carlone,ecarlonecy@theatlantic.com,Female,Brazil
468,Kliment,Plumer,kplumercz@wufoo.com,Male,Yemen
469,Ilka,Tingly,itinglyd0@jimdo.com,Female,China
470,Alyda,O'Shields,aoshieldsd1@blogspot.com,Female,Afghanistan
471,Prue,Pickover,ppickoverd2@t.co,Female,Greece
472,Guthrie,Sibery,gsiberyd3@tripod.com,Male,Peru
473,Waldemar,Glanert,wglanertd4@photobucket.com,Male,Peru
474,Yasmeen,Cockshut,ycockshutd5@theatlantic.com,Female,Indonesia
475,Ignatius,Cotte,icotted6@imageshack.us,Male,Ukraine
476,Carolus,Naisbit,cnaisbitd7@ehow.com,Agender,China
477,Boniface,Asker,baskerd8@pen.io,Male,Madagascar
478,Nydia,Mayger,nmaygerd9@census.gov,Female,Russia
479,Ame,Yetton,ayettonda@blogtalkradio.com,Female,South Africa
480,Rosalinda,Aked,rakeddb@a8.net,Female,Philippines
481,Lyndsay,Trencher,ltrencherdc@blogtalkradio.com,Female,Argentina
482,Mahmoud,Fyall,mfyalldd@tripadvisor.com,Male,China
483,Nicolis,Quilkin,nquilkinde@hc360.com,Male,Afghanistan
484,Doretta,Antoniou,dantonioudf@telegraph.co.uk,Female,Czech Republic
485,Laverne,Axelbey,laxelbeydg@sfgate.com,Female,Greece
486,Adam,Domsalla,adomsalladh@hibu.com,Male,Poland
487,Ivonne,MacEntee,imacenteedi@linkedin.com,Female,Philippines
488,Justen,McGiven,jmcgivendj@sohu.com,Male,Indonesia
489,Temp,Eathorne,teathornedk@businessweek.com,Male,United States
490,Gilberto,Eveleigh,geveleighdl@blogs.com,Male,Japan
491,Tommie,Djordjevic,tdjordjevicdm@gmpg.org,Male,Portugal
492,Priscella,Fice,pficedn@cnn.com,Female,United States
493,Ludovico,Kilkenny,lkilkennydo@kickstarter.com,Male,Sweden
494,Farley,Guerreau,fguerreaudp@tmall.com,Male,Russia
495,Glynda,Carsey,gcarseydq@istockphoto.com,Female,France
496,Job,Mailey,jmaileydr@xinhuanet.com,Male,Indonesia
497,Florette,Kas,fkasds@example.com,Female,Philippines
498,Teodorico,Coate,tcoatedt@un.org,Male,Mali
499,Shawnee,Oliver,soliverdu@mail.ru,Female,Philippines
500,Lilian,Lanmeid,llanmeiddv@illinois.edu,Female,Kosovo
501,Herold,Walklott,hwalklottdw@mediafire.com,Male,China
502,Prince,Proom,pproomdx@ted.com,Male,Nicaragua
503,Freddy,Filipson,ffilipsondy@yelp.com,Male,China
504,Jeramie,Yantsurev,jyantsurevdz@nps.gov,Male,Indonesia
505,Kari,Longworthy,klongworthye0@histats.com,Female,Norway
506,Eda,Tumpane,etumpanee1@unicef.org,Female,Honduras
507,Frankie,Crossfield,fcrossfielde2@nba.com,Male,Ukraine
508,Kathie,Cuvley,kcuvleye3@census.gov,Female,Comoros
509,Lanna,Simeoli,lsimeolie4@usatoday.com,Female,Philippines
510,Uriel,Lansberry,ulansberrye5@bluehost.com,Male,Philippines
511,Maude,Gahagan,mgahagane6@google.com.hk,Bigender,Vietnam
512,Elicia,Keitch,ekeitche7@angelfire.com,Female,Indonesia
513,Porty,Stoneman,pstonemane8@google.ru,Male,Indonesia
514,Blondy,Shedd,bshedde9@walmart.com,Female,Brazil
515,Kennett,Dyott,kdyottea@163.com,Male,China
516,Rod,Phelan,rphelaneb@ovh.net,Male,Poland
517,Ogdan,Treleven,otrelevenec@sfgate.com,Male,Poland
518,Ingaberg,Aronstein,iaronsteined@surveymonkey.com,Bigender,Russia
519,Missie,Summerscales,msummerscalesee@tripadvisor.com,Female,Brazil
520,Sapphira,Cawson,scawsonef@blogtalkradio.com,Female,Lithuania
521,Melita,Bartoletti,mbartolettieg@hao123.com,Female,China
522,Xenia,Darley,xdarleyeh@is.gd,Genderqueer,Indonesia
523,Jany,Kayley,jkayleyei@phpbb.com,Female,Canada
524,Pammy,Panas,ppanasej@dyndns.org,Female,Japan
525,Glen,Pfertner,gpfertnerek@mail.ru,Male,France
526,Fallon,Harriday,fharridayel@nba.com,Female,Philippines
527,Jerome,Shawyers,jshawyersem@cafepress.com,Male,China
528,Justinn,Prinett,jprinetten@fema.gov,Female,Brazil
529,Sallyanne,Hartrick,shartrickeo@tuttocitta.it,Female,Macedonia
530,Marja,Kettlesting,mkettlestingep@usda.gov,Female,Ukraine
531,Konstance,Cullingworth,kcullingwortheq@shop-pro.jp,Female,Peru
532,Teodoor,Waggitt,twaggitter@wix.com,Male,Greece
533,Rozella,Lally,rlallyes@elegantthemes.com,Female,Portugal
534,Sybil,Matzke,smatzkeet@psu.edu,Female,Belize
535,Gearard,Ronchka,gronchkaeu@instagram.com,Agender,Sweden
536,Carlyn,Filyukov,cfilyukovev@psu.edu,Female,France
537,Rudyard,Merrett,rmerrettew@yolasite.com,Male,Cuba
538,Norma,Greated,ngreatedex@vimeo.com,Female,Mozambique
539,Bennie,Wynes,bwynesey@buzzfeed.com,Male,Philippines
540,Carry,Rosensaft,crosensaftez@google.pl,Female,Indonesia
541,Katharyn,Curcher,kcurcherf0@businesswire.com,Female,Greece
542,Kristal,Grzelczak,kgrzelczakf1@godaddy.com,Female,Japan
543,Caesar,Leyband,cleybandf2@microsoft.com,Male,Indonesia
544,Richard,Dray,rdrayf3@mapquest.com,Male,Nicaragua
545,Lacee,Adnett,ladnettf4@independent.co.uk,Female,Ghana
546,Jody,Knowlson,jknowlsonf5@time.com,Male,Ukraine
547,Nichole,Frape,nfrapef6@cisco.com,Male,China
548,Jessa,Dudderidge,jdudderidgef7@sciencedirect.com,Female,Indonesia
549,Sebastian,Brunker,sbrunkerf8@sun.com,Male,Thailand
550,Claudio,Swetman,cswetmanf9@cbslocal.com,Male,China
551,Huntington,Housegoe,hhousegoefa@nydailynews.com,Male,China
552,Nikola,Dowrey,ndowreyfb@theguardian.com,Polygender,Sweden
553,Yolanthe,Tassel,ytasselfc@cmu.edu,Female,Portugal
554,Franciskus,Bartol,fbartolfd@netlog.com,Male,Thailand
555,Spike,Ridolfi,sridolfife@mlb.com,Male,China
556,Spence,Carlsson,scarlssonff@techcrunch.com,Male,Portugal
557,Jena,Cargen,jcargenfg@4shared.com,Female,Philippines
558,Mildrid,Duffell,mduffellfh@marketwatch.com,Female,Brazil
559,Charlene,Chatband,cchatbandfi@webs.com,Female,Russia
560,Arlen,MacAvddy,amacavddyfj@creativecommons.org,Bigender,Jordan
561,Devin,Bouts,dboutsfk@sina.com.cn,Male,Egypt
562,Melly,Nickoll,mnickollfl@dot.gov,Female,Finland
563,Alan,Berzen,aberzenfm@wiley.com,Male,Indonesia
564,Allianora,Guillard,aguillardfn@redcross.org,Female,Canada
565,Francois,Espinosa,fespinosafo@sogou.com,Non-binary,Kazakhstan
566,Vania,Goodhay,vgoodhayfp@toplist.cz,Female,Canada
567,Holly-anne,Douglas,hdouglasfq@qq.com,Female,Armenia
568,Phip,Hamel,phamelfr@cam.ac.uk,Male,Albania
569,Jonathon,Limon,jlimonfs@php.net,Male,Indonesia
570,Matty,Tomasino,mtomasinoft@freewebs.com,Male,Philippines
571,Suzette,Blackwell,sblackwellfu@dagondesign.com,Bigender,Central African Republic
572,Benjamin,Loxley,bloxleyfv@e-recht24.de,Male,Zambia
573,Bentley,Isson,bissonfw@cpanel.net,Male,Brazil
574,Nina,Buffery,nbufferyfx@businessinsider.com,Bigender,China
575,Durante,Padilla,dpadillafy@smh.com.au,Male,China
576,Marwin,Whanstall,mwhanstallfz@free.fr,Male,Egypt
577,Gnni,Flemmich,gflemmichg0@histats.com,Female,Italy
578,Gilbertina,Turk,gturkg1@columbia.edu,Genderqueer,Malaysia
579,Agnese,Kemmett,akemmettg2@indiatimes.com,Female,Pakistan
580,Walker,Byram,wbyramg3@macromedia.com,Male,Haiti
581,Reinhold,Sellack,rsellackg4@patch.com,Male,Brazil
582,Wally,Reay,wreayg5@bbc.co.uk,Female,Brazil
583,Abel,Brocklesby,abrocklesbyg6@dion.ne.jp,Male,Poland
584,Corney,Warnes,cwarnesg7@paginegialle.it,Male,France
585,Thibaud,Mouse,tmouseg8@booking.com,Male,Tajikistan
586,Raquela,McAllaster,rmcallasterg9@tinyurl.com,Female,Sierra Leone
587,Bryn,Ruskin,bruskinga@ted.com,Male,Serbia
588,Mona,Stockford,mstockfordgb@w3.org,Genderqueer,Ukraine
589,Jeramey,Hitter,jhittergc@aboutads.info,Male,Nigeria
590,Bay,MacMearty,bmacmeartygd@quantcast.com,Male,France
591,Jessica,Lacy,jlacyge@pen.io,Female,Colombia
592,Bent,Doole,bdoolegf@unesco.org,Male,China
593,Emmalynne,Kleinstein,ekleinsteingg@cmu.edu,Female,Iran
594,Jocelin,Moogan,jmoogangh@phpbb.com,Female,Kenya
595,Ginnifer,Baldry,gbaldrygi@usa.gov,Female,Russia
596,Isaac,Coleiro,icoleirogj@independent.co.uk,Male,China
597,Barbe,Espinas,bespinasgk@mozilla.org,Female,Brazil
598,Yettie,McUre,ymcuregl@netscape.com,Female,Malaysia
599,Gayle,Redgate,gredgategm@jimdo.com,Female,Philippines
600,Greg,Lorie,gloriegn@vinaora.com,Male,Japan
601,Fulton,Prestner,fprestnergo@europa.eu,Male,Russia
602,Katrine,Hinstock,khinstockgp@cpanel.net,Female,Iran
603,Ailsun,Planke,aplankegq@edublogs.org,Female,Finland
604,Yancy,Heaslip,yheaslipgr@usgs.gov,Male,Czech Republic
605,Dorian,Addionizio,daddioniziogs@arstechnica.com,Male,Russia
606,Grantley,Devanney,gdevanneygt@is.gd,Male,Russia
607,Filia,Filyashin,ffilyashingu@howstuffworks.com,Female,Ghana
608,Gusella,Mackness,gmacknessgv@cornell.edu,Female,Chile
609,Udell,Kendle,ukendlegw@domainmarket.com,Male,China
610,Rudolf,Ffoulkes,rffoulkesgx@google.fr,Male,Liberia
611,Jessy,Cumming,jcumminggy@google.com.br,Genderqueer,France
612,Florry,Korfmann,fkorfmanngz@prweb.com,Female,China
613,Ab,Lawfull,alawfullh0@elpais.com,Male,Czech Republic
614,Townie,Spadelli,tspadellih1@artisteer.com,Male,South Africa
615,Kippy,Pragnall,kpragnallh2@nps.gov,Female,Kosovo
616,Christiane,Beaman,cbeamanh3@ox.ac.uk,Non-binary,China
617,Herman,Quarles,hquarlesh4@cloudflare.com,Male,Canada
618,Sandy,Dunley,sdunleyh5@w3.org,Genderqueer,Kenya
619,Thurstan,Wisher,twisherh6@ning.com,Male,Cameroon
620,Mariette,Hawkeridge,mhawkeridgeh7@unc.edu,Female,China
621,Moria,Perrins,mperrinsh8@indiegogo.com,Female,China
622,Gauthier,Morffew,gmorffewh9@vistaprint.com,Male,Czech Republic
623,Kamila,Fellini,kfelliniha@ox.ac.uk,Female,Venezuela
624,Vonny,Manthroppe,vmanthroppehb@ucoz.ru,Female,Poland
625,Malinda,Ciubutaro,mciubutarohc@xinhuanet.com,Female,Poland
626,Lizzie,Wagenen,lwagenenhd@yellowpages.com,Bigender,South Korea
627,Daryl,Stroyan,dstroyanhe@freewebs.com,Male,France
628,Creighton,De Ambrosi,cdeambrosihf@bloglovin.com,Male,Russia
629,Cob,Geertje,cgeertjehg@amazon.com,Male,Colombia
630,Claudine,Todarello,ctodarellohh@about.com,Female,Mongolia
631,Lib,Orbon,lorbonhi@wikispaces.com,Female,Philippines
632,Sutherlan,Lorman,slormanhj@pinterest.com,Male,Zambia
633,Tonya,Swanton,tswantonhk@biglobe.ne.jp,Polygender,China
634,Mahmud,Kreutzer,mkreutzerhl@sina.com.cn,Male,Brazil
635,Murdock,Lidgertwood,mlidgertwoodhm@trellian.com,Male,China
636,Dalenna,Arndell,darndellhn@cbc.ca,Female,Afghanistan
637,Kleon,Goldhawk,kgoldhawkho@time.com,Male,Indonesia
638,Vikky,Murrey,vmurreyhp@e-recht24.de,Female,China
639,Kara,Reddan,kreddanhq@vk.com,Female,Poland
640,Anthea,Lines,alineshr@accuweather.com,Female,Indonesia
641,Christa,Davis,cdavishs@google.fr,Female,Belarus
642,Baudoin,Vannuccini,bvannucciniht@webs.com,Male,China
643,Olenolin,Scruton,oscrutonhu@dedecms.com,Male,Sweden
644,Zaneta,Amberger,zambergerhv@wiley.com,Female,Russia
645,Lionel,Kem,lkemhw@trellian.com,Male,Japan
646,Quillan,Windus,qwindushx@t.co,Male,China
647,Cleve,Sharplin,csharplinhy@ehow.com,Male,Kazakhstan
648,Berty,Jerman,bjermanhz@ucoz.com,Male,Nepal
649,Mortimer,Firsby,mfirsbyi0@gnu.org,Male,China
650,Kendall,Redsull,kredsulli1@csmonitor.com,Male,Iran
651,Jarred,Castanho,jcastanhoi2@dion.ne.jp,Non-binary,Indonesia
652,Carlye,Tommaseo,ctommaseoi3@aboutads.info,Non-binary,Iran
653,Deva,Brandts,dbrandtsi4@google.com.au,Female,Philippines
654,Garrett,Caws,gcawsi5@people.com.cn,Male,Indonesia
655,Fair,Woodfin,fwoodfini6@icq.com,Male,Mexico
656,Rabi,De Carolis,rdecarolisi7@stanford.edu,Male,Canada
657,Vin,Allinson,vallinsoni8@a8.net,Female,Indonesia
658,Aguistin,Burbage,aburbagei9@clickbank.net,Male,Azerbaijan
659,Pat,Skim,pskimia@time.com,Female,Sweden
660,Jessie,Alvar,jalvarib@xinhuanet.com,Male,China
661,Liane,Williams,lwilliamsic@myspace.com,Female,Russia
662,Yanaton,Cohani,ycohaniid@bluehost.com,Male,China
663,Prentice,Rulten,prultenie@fc2.com,Male,Brazil
664,Farah,Elener,felenerif@amazon.co.jp,Female,Portugal
665,Dasya,Catmull,dcatmullig@aboutads.info,Female,Russia
666,Miquela,Ousby,mousbyih@topsy.com,Female,China
667,Dannye,Jirik,djirikii@vimeo.com,Female,Portugal
668,Tobi,Sex,tsexij@dmoz.org,Genderfluid,China
669,Erl,Bansal,ebansalik@sciencedirect.com,Male,Argentina
670,Dorene,Goulding,dgouldingil@npr.org,Female,China
671,Alex,Adamoli,aadamoliim@ucoz.com,Female,Russia
672,Leena,Meech,lmeechin@tinyurl.com,Female,China
673,Lurette,Oaten,loatenio@livejournal.com,Genderqueer,China
674,Cynthy,Kull,ckullip@webs.com,Bigender,Kenya
675,Cyndy,Critten,ccritteniq@shinystat.com,Female,Philippines
676,Graehme,Capstake,gcapstakeir@tuttocitta.it,Male,Mongolia
677,Petronilla,Grover,pgroveris@youtu.be,Female,China
678,Huntlee,Ionesco,hionescoit@ibm.com,Male,Indonesia
679,Ramon,Windless,rwindlessiu@illinois.edu,Male,United States
680,Kerwinn,Redgrove,kredgroveiv@biblegateway.com,Male,Portugal
681,Rodger,Schild,rschildiw@yahoo.co.jp,Male,Philippines
682,Etta,Ravenscraft,eravenscraftix@dagondesign.com,Female,Portugal
683,Maynard,Eble,mebleiy@globo.com,Agender,Tunisia
684,Dasya,Swithenby,dswithenbyiz@google.ca,Female,Finland
685,Archibald,Duinbleton,aduinbletonj0@rakuten.co.jp,Male,China
686,Ailey,Dofty,adoftyj1@ucoz.ru,Bigender,Bulgaria
687,Stanislaus,Pennycord,spennycordj2@apple.com,Male,Mexico
688,Dell,Matteacci,dmatteaccij3@51.la,Male,Malaysia
689,Gideon,Matijevic,gmatijevicj4@jugem.jp,Genderfluid,Thailand
690,Karlyn,McCowen,kmccowenj5@gnu.org,Female,Canada
691,Tildie,Bernadon,tbernadonj6@tmall.com,Female,Peru
692,Carlie,Coy,ccoyj7@diigo.com,Male,Bolivia
693,Donelle,Bowskill,dbowskillj8@yahoo.com,Female,United States
694,Corette,Laughton,claughtonj9@oakley.com,Female,China
695,Aldric,Lowndes,alowndesja@aboutads.info,Male,China
696,Micheil,Fazan,mfazanjb@stumbleupon.com,Male,Brazil
697,Marcellus,Yakovich,myakovichjc@rakuten.co.jp,Genderqueer,Canada
698,Lyle,Lunge,llungejd@slideshare.net,Male,Greece
699,Cord,Pennings,cpenningsje@netscape.com,Male,Kazakhstan
700,Henrie,Kores,hkoresjf@liveinternet.ru,Female,France
701,Ferne,Dallaghan,fdallaghanjg@dell.com,Female,Russia
702,Meredeth,Whisby,mwhisbyjh@tuttocitta.it,Male,China
703,Tessa,Airy,tairyji@51.la,Female,Russia
704,Susie,Carp,scarpjj@plala.or.jp,Female,Japan
705,Curtis,Treharne,ctreharnejk@zimbio.com,Male,Argentina
706,Cristian,Daverin,cdaverinjl@reddit.com,Male,China
707,Charlean,Peterson,cpetersonjm@nsw.gov.au,Female,Japan
708,Taddeusz,Polak,tpolakjn@taobao.com,Male,Japan
709,Jeane,Tackett,jtackettjo@prlog.org,Female,Albania
710,Henriette,Cleator,hcleatorjp@businessinsider.com,Female,Poland
711,Des,Dallosso,ddallossojq@google.com.hk,Male,China
712,Masha,Thexton,mthextonjr@simplemachines.org,Female,China
713,Jany,Meikle,jmeiklejs@hao123.com,Female,Nigeria
714,Diego,Chaim,dchaimjt@reuters.com,Male,Philippines
715,Marshal,Dodman,mdodmanju@sciencedirect.com,Male,Iraq
716,Durant,Saunper,dsaunperjv@mapquest.com,Male,Indonesia
717,Minni,Greneham,mgrenehamjw@t-online.de,Female,China
718,Nancie,Wingatt,nwingattjx@about.me,Female,United States
719,Peyton,Hebblethwaite,phebblethwaitejy@telegraph.co.uk,Non-binary,United States
720,Chrisy,Beardall,cbeardalljz@nymag.com,Male,China
721,Monte,Oosthout de Vree,moosthoutdevreek0@livejournal.com,Male,Ukraine
722,Anastassia,Tassel,atasselk1@skype.com,Female,France
723,Tadd,Lilloe,tlilloek2@netvibes.com,Male,Russia
724,Levi,Kubica,lkubicak3@tumblr.com,Male,Philippines
725,Siward,Weblin,sweblink4@npr.org,Male,China
726,Melony,McCaghan,mmccaghank5@opera.com,Female,Greece
727,Danice,Thurstance,dthurstancek6@exblog.jp,Female,Peru
728,Bettye,Lunney,blunneyk7@spiegel.de,Female,France
729,Iggie,Whitmarsh,iwhitmarshk8@blogtalkradio.com,Male,Tajikistan
730,Bria,Spriggin,bspriggink9@ft.com,Female,China
731,Issy,Bestiman,ibestimanka@state.gov,Agender,Czech Republic
732,Marillin,Illes,milleskb@admin.ch,Female,Armenia
733,Creigh,Medforth,cmedforthkc@slate.com,Male,Egypt
734,Emory,Sneaker,esneakerkd@google.com.br,Agender,Jordan
735,Graham,Bentall,gbentallke@nbcnews.com,Male,Indonesia
736,Ferd,Fetherston,ffetherstonkf@creativecommons.org,Genderqueer,Uganda
737,Charity,Grund,cgrundkg@gizmodo.com,Female,Russia
738,Elianora,Dello,edellokh@trellian.com,Bigender,Greece
739,Ruth,MacConnulty,rmacconnultyki@wix.com,Non-binary,Russia
740,Pearle,Van Dijk,pvandijkkj@blogger.com,Female,Poland
741,Danice,Cuchey,dcucheykk@reverbnation.com,Female,Philippines
742,Lars,Bennis,lbenniskl@acquirethisname.com,Male,Morocco
743,Fayth,Bartalucci,fbartaluccikm@is.gd,Female,Poland
744,Ruy,Paviour,rpaviourkn@ucoz.com,Agender,Japan
745,Gianina,Maynell,gmaynellko@sogou.com,Female,Brazil
746,Lew,Hylden,lhyldenkp@naver.com,Male,China
747,Christophorus,Forcade,cforcadekq@newsvine.com,Non-binary,Cyprus
748,Elinor,Yapp,eyappkr@noaa.gov,Female,Peru
749,Garrard,Beneyto,gbeneytoks@google.com.hk,Male,France
750,Kaine,Chatin,kchatinkt@exblog.jp,Male,Kenya
751,Aloin,Ewin,aewinku@nasa.gov,Male,Afghanistan
752,Hyacintha,Huntley,hhuntleykv@constantcontact.com,Genderfluid,Azerbaijan
753,Nevile,Twitty,ntwittykw@quantcast.com,Male,Germany
754,Wes,O'Hartnett,wohartnettkx@spotify.com,Male,France
755,Gerick,Alejandre,galejandreky@ning.com,Male,Indonesia
756,Brannon,Messum,bmessumkz@networksolutions.com,Male,China
757,Lula,Ruddiforth,lruddiforthl0@google.com,Female,China
758,Piotr,Targetter,ptargetterl1@tiny.cc,Male,Poland
759,Celesta,Gigg,cgiggl2@joomla.org,Non-binary,Indonesia
760,Selby,Kleeborn,skleebornl3@w3.org,Male,Serbia
761,Georgine,Totterdell,gtotterdelll4@unicef.org,Female,Peru
762,Barbara-anne,Shird,bshirdl5@cisco.com,Female,Czech Republic
763,Thain,Kassidy,tkassidyl6@bing.com,Male,China
764,Peadar,Tanman,ptanmanl7@oracle.com,Male,Nicaragua
765,Berne,Corbitt,bcorbittl8@jimdo.com,Male,Slovenia
766,Dilan,Pennini,dpenninil9@example.com,Male,Japan
767,Noelle,Davson,ndavsonla@infoseek.co.jp,Female,Canada
768,Thane,Blaw,tblawlb@bloglovin.com,Male,Indonesia
769,Shurlock,Flori,sflorilc@example.com,Male,Ukraine
770,Malcolm,Paler,mpalerld@loc.gov,Male,China
771,Beatriz,Walkington,bwalkingtonle@wiley.com,Female,Indonesia
772,Tallou,Vogeller,tvogellerlf@mail.ru,Female,China
773,Pincus,Brindle,pbrindlelg@hp.com,Male,Canada
774,Cherie,Nugent,cnugentlh@marketwatch.com,Female,Peru
775,Carol,Whatley,cwhatleyli@bbc.co.uk,Female,Indonesia
776,Rickard,Franchi,rfranchilj@si.edu,Male,Indonesia
777,Flo,Lamborne,flambornelk@drupal.org,Female,Portugal
778,Willey,Danser,wdanserll@wired.com,Male,Russia
779,Gale,MacNalley,gmacnalleylm@elegantthemes.com,Female,Colombia
780,Lonna,Curtoys,lcurtoysln@nytimes.com,Female,China
781,Elke,Coudray,ecoudraylo@clickbank.net,Female,French Polynesia
782,Rockwell,Brade,rbradelp@hugedomains.com,Male,China
783,Norina,Santostefano.,nsantostefanolq@tiny.cc,Female,Vietnam
784,Juditha,Thorp,jthorplr@shinystat.com,Female,China
785,Delaney,Ivashkin,divashkinls@amazon.de,Male,Indonesia
786,Jaclin,Ashwell,jashwelllt@bloglines.com,Female,Indonesia
787,Eduino,Yosevitz,eyosevitzlu@opera.com,Male,Russia
788,Aggi,Gergher,agergherlv@mlb.com,Female,Indonesia
789,Buckie,Lune,blunelw@livejournal.com,Male,China
790,Ethelda,Malling,emallinglx@whitehouse.gov,Female,South Africa
791,Pam,Kirdsch,pkirdschly@irs.gov,Female,Brazil
792,Lotta,Ludovici,lludovicilz@hugedomains.com,Female,France
793,Irina,Chevin,ichevinm0@newsvine.com,Female,Switzerland
794,Frasquito,Baldoni,fbaldonim1@nydailynews.com,Male,China
795,Malinda,Inott,minottm2@imdb.com,Female,Russia
796,Tiffie,Dechelle,tdechellem3@simplemachines.org,Female,Czech Republic
797,Julissa,Mathewson,jmathewsonm4@ezinearticles.com,Female,Colombia
798,Emlyn,Gilders,egildersm5@fc2.com,Genderfluid,Costa Rica
799,Linus,Wiburn,lwiburnm6@vk.com,Male,Brazil
800,Doyle,Scrivener,dscrivenerm7@unc.edu,Male,Russia
801,Warner,Innwood,winnwoodm8@lycos.com,Male,Japan
802,Magnum,McKue,mmckuem9@skype.com,Male,China
803,Arlette,Fardo,afardoma@shareasale.com,Female,China
804,Ashley,Featherstonhalgh,afeatherstonhalghmb@un.org,Male,Denmark
805,Aharon,Joppich,ajoppichmc@yellowpages.com,Non-binary,Uzbekistan
806,Dorie,Lassey,dlasseymd@addtoany.com,Female,Bolivia
807,Erinna,Sauvan,esauvanme@4shared.com,Female,Tanzania
808,Pietro,Treske,ptreskemf@w3.org,Agender,Indonesia
809,Lidia,Bellenie,lbelleniemg@yandex.ru,Polygender,Bulgaria
810,Nye,Castellanos,ncastellanosmh@prweb.com,Male,Portugal
811,Sherline,Doutch,sdoutchmi@state.gov,Female,Mexico
812,Rochell,Neljes,rneljesmj@xrea.com,Female,Syria
813,Sapphire,Daykin,sdaykinmk@cargocollective.com,Female,Thailand
814,Giffard,Wiltsher,gwiltsherml@rediff.com,Male,Sweden
815,Idalia,Hildrew,ihildrewmm@ustream.tv,Female,Indonesia
816,Kacey,Huyge,khuygemn@cafepress.com,Female,Ethiopia
817,Morna,Langstrath,mlangstrathmo@merriam-webster.com,Agender,Indonesia
818,Dwain,Gantzer,dgantzermp@clickbank.net,Male,Greece
819,Queenie,Antonelli,qantonellimq@meetup.com,Genderfluid,Finland
820,Tobe,Dymocke,tdymockemr@sohu.com,Male,Tanzania
821,Devonna,Simcoe,dsimcoems@webmd.com,Female,Vietnam
822,Erastus,Tapson,etapsonmt@spotify.com,Male,Poland
823,Kinsley,Donnellan,kdonnellanmu@163.com,Polygender,Philippines
824,Sloan,McKevin,smckevinmv@tripod.com,Male,Philippines
825,Read,Mayberry,rmayberrymw@pagesperso-orange.fr,Male,Greece
826,Corette,Navarre,cnavarremx@jugem.jp,Female,Russia
827,Noach,Goring,ngoringmy@wsj.com,Male,Peru
828,Wash,Vondrak,wvondrakmz@mashable.com,Male,China
829,Berna,Halksworth,bhalksworthn0@wiley.com,Female,Canada
830,Jeannie,Vizard,jvizardn1@ning.com,Female,Netherlands
831,Alexander,Sulley,asulleyn2@paypal.com,Male,Vietnam
832,Benedetta,Larking,blarkingn3@myspace.com,Female,Indonesia
833,Tiebold,Osbourn,tosbournn4@stumbleupon.com,Male,China
834,Keefe,Bromley,kbromleyn5@gnu.org,Male,China
835,Gaby,Tamlett,gtamlettn6@blogtalkradio.com,Male,Indonesia
836,Ibbie,Churchward,ichurchwardn7@oaic.gov.au,Female,Brazil
837,Averil,Ternott,aternottn8@miibeian.gov.cn,Female,Azerbaijan
838,Cesare,Bassingden,cbassingdenn9@chron.com,Male,Brazil
839,Arch,Mascall,amascallna@hexun.com,Male,Ukraine
840,Vern,Knight,vknightnb@nytimes.com,Male,Iran
841,Jemmy,McIlhagga,jmcilhagganc@tripod.com,Female,China
842,Martica,Champniss,mchampnissnd@ustream.tv,Female,Philippines
843,Donavon,Londors,dlondorsne@wix.com,Male,Argentina
844,Travers,Guidetti,tguidettinf@archive.org,Male,Kenya
845,Rusty,Checklin,rchecklinng@naver.com,Male,China
846,Mel,Onions,monionsnh@java.com,Male,Ukraine
847,Giffard,Hedingham,ghedinghamni@mediafire.com,Male,Sweden
848,August,Vreede,avreedenj@xing.com,Male,Nigeria
849,Jonie,Bage,jbagenk@dion.ne.jp,Female,Georgia
850,Alanson,Rawles,arawlesnl@engadget.com,Male,Japan
851,Merell,FitzGilbert,mfitzgilbertnm@unicef.org,Male,Bosnia and Herzegovina
852,Sallee,Dobrovolski,sdobrovolskinn@drupal.org,Female,Philippines
853,Thomasina,Gothliff,tgothliffno@google.fr,Female,Czech Republic
854,Hanni,Foro,hforonp@goodreads.com,Female,Indonesia
855,Artemis,Duker,adukernq@ibm.com,Male,Mexico
856,Tamarra,Lago,tlagonr@walmart.com,Genderqueer,Brazil
857,Adelle,Bowdrey,abowdreyns@berkeley.edu,Genderqueer,Indonesia
858,Issie,Pealing,ipealingnt@mit.edu,Female,China
859,Donny,Aspin,daspinnu@bloglovin.com,Female,Indonesia
860,Zsazsa,Fairpo,zfairponv@wix.com,Female,China
861,Anica,Dumbrall,adumbrallnw@vinaora.com,Female,China
862,Gill,Guy,gguynx@cnet.com,Male,China
863,Hedy,Botwood,hbotwoodny@wikimedia.org,Female,Thailand
864,Gerrard,Brumbie,gbrumbienz@cbc.ca,Male,Poland
865,Hilario,Sykes,hsykeso0@nyu.edu,Agender,Russia
866,Vanya,Gurg,vgurgo1@purevolume.com,Non-binary,Brazil
867,Bendick,Ruger,brugero2@multiply.com,Male,Ukraine
868,Fitz,Chagg,fchaggo3@boston.com,Male,Greece
869,Rae,Stallybrass,rstallybrasso4@nyu.edu,Female,Kenya
870,Janos,Druhan,jdruhano5@forbes.com,Male,China
871,Merci,Ceccoli,mceccolio6@trellian.com,Female,Sweden
872,Boris,Ramsby,bramsbyo7@newsvine.com,Male,China
873,Urbain,Sprague,uspragueo8@chronoengine.com,Male,Italy
874,Fidelia,Croall,fcroallo9@uol.com.br,Female,Portugal
875,Starlin,Samudio,ssamudiooa@tmall.com,Female,Sweden
876,Lebbie,Nealand,lnealandob@ucoz.ru,Female,Indonesia
877,Silva,Wyeld,swyeldoc@about.com,Non-binary,Canada
878,Charlotte,Santon,csantonod@google.cn,Female,Indonesia
879,Edythe,Bonifazio,ebonifaziooe@wordpress.com,Genderfluid,Tunisia
880,Marlene,Kryszkiecicz,mkryszkieciczof@e-recht24.de,Female,Colombia
881,Kellen,Brecken,kbreckenog@dagondesign.com,Female,Kyrgyzstan
882,Des,Pachmann,dpachmannoh@vimeo.com,Male,France
883,Sheridan,Lambin,slambinoi@live.com,Male,China
884,Loree,Syrett,lsyrettoj@google.com,Female,Russia
885,Zebulon,Lunnon,zlunnonok@drupal.org,Male,Poland
886,Morgun,O' Dooley,modooleyol@sun.com,Male,Indonesia
887,Catha,Bushby,cbushbyom@oaic.gov.au,Female,Swaziland
888,Carson,Roubeix,croubeixon@epa.gov,Male,Sierra Leone
889,Arlette,MacEllen,amacellenoo@lulu.com,Female,Kazakhstan
890,Madalyn,Arboin,marboinop@ted.com,Female,China
891,Noelani,Tierny,ntiernyoq@jimdo.com,Female,Albania
892,Zahara,Chichgar,zchichgaror@google.fr,Female,Estonia
893,Gill,Conelly,gconellyos@xing.com,Male,Indonesia
894,Milton,Keat,mkeatot@addthis.com,Male,China
895,Janie,Jewes,jjewesou@qq.com,Female,France
896,Patrick,Petticrew,ppetticrewov@cnn.com,Male,China
897,Jacobo,Alcock,jalcockow@amazon.de,Male,Sweden
898,Donnie,Simao,dsimaoox@barnesandnoble.com,Male,France
899,Matthieu,Sharrock,msharrockoy@google.pl,Male,Puerto Rico
900,Ottilie,Hanrott,ohanrottoz@yale.edu,Female,Malaysia
901,Krystle,Squirrell,ksquirrellp0@usa.gov,Female,China
902,Maximilianus,Moscrop,mmoscropp1@soundcloud.com,Male,Argentina
903,Giulietta,Bendelow,gbendelowp2@list-manage.com,Female,Croatia
904,Netti,Kliemke,nkliemkep3@huffingtonpost.com,Polygender,Poland
905,Alwin,Sadry,asadryp4@accuweather.com,Male,Canada
906,Fraze,MacPaden,fmacpadenp5@jigsy.com,Male,China
907,Chelsie,Feveryear,cfeveryearp6@wired.com,Female,Afghanistan
908,Stevie,Beekmann,sbeekmannp7@ucoz.ru,Male,Philippines
909,Nil,Barwis,nbarwisp8@springer.com,Male,Indonesia
910,Ingrim,Nise,inisep9@earthlink.net,Male,China
911,Gypsy,Dyter,gdyterpa@de.vu,Female,China
912,Helli,Saddler,hsaddlerpb@forbes.com,Female,China
913,Kanya,Hartlebury,khartleburypc@tuttocitta.it,Female,Hungary
914,Basile,Trouncer,btrouncerpd@google.it,Polygender,Portugal
915,Blanca,Brownsmith,bbrownsmithpe@cpanel.net,Female,Colombia
916,Gladys,Cluelow,gcluelowpf@phoca.cz,Female,Vietnam
917,Gabriela,Twining,gtwiningpg@wired.com,Female,Nigeria
918,Karlotte,Duckham,kduckhamph@sogou.com,Bigender,Suriname
919,Tab,Fache,tfachepi@ihg.com,Male,Philippines
920,Dianna,Gallear,dgallearpj@theatlantic.com,Female,Cuba
921,Tadio,Trittam,ttrittampk@tripadvisor.com,Male,Argentina
922,Catlaina,Hearns,chearnspl@wired.com,Female,Thailand
923,Sylvester,Baysting,sbaystingpm@addtoany.com,Male,China
924,Caterina,Bowra,cbowrapn@seesaa.net,Female,East Timor
925,Fitz,Quinnette,fquinnettepo@google.it,Male,Indonesia
926,Dale,Writtle,dwrittlepp@java.com,Female,Dominican Republic
927,Myrtice,Havard,mhavardpq@army.mil,Female,China
928,Bil,Dumsday,bdumsdaypr@engadget.com,Male,Egypt
929,Esma,Bristoe,ebristoeps@theguardian.com,Female,China
930,Pansy,Ruggs,pruggspt@chron.com,Agender,Czech Republic
931,Jamal,Hourigan,jhouriganpu@yellowpages.com,Male,Indonesia
932,Fraze,Cosser,fcosserpv@google.fr,Male,Ethiopia
933,Bink,Biddwell,bbiddwellpw@over-blog.com,Male,China
934,Caritta,Eger,cegerpx@scribd.com,Female,Norway
935,Kyla,Hourihane,khourihanepy@deviantart.com,Female,Indonesia
936,Hershel,Heinrici,hheinricipz@ucla.edu,Male,Turkey
937,Noelle,Sneller,nsnellerq0@qq.com,Female,Indonesia
938,Sydney,Giabuzzi,sgiabuzziq1@qq.com,Female,Philippines
939,Baxter,Keilty,bkeiltyq2@nytimes.com,Polygender,Indonesia
940,Wendi,Huot,whuotq3@nature.com,Genderfluid,Philippines
941,Barthel,Rule,bruleq4@wired.com,Male,Brazil
942,Wilmar,Le Monnier,wlemonnierq5@amazon.co.uk,Male,Nigeria
943,Flossi,Fernando,ffernandoq6@networkadvertising.org,Female,Slovenia
944,Karrie,Matthiesen,kmatthiesenq7@foxnews.com,Female,China
945,Meryl,Brabant,mbrabantq8@youku.com,Male,Albania
946,Keene,Beefon,kbeefonq9@theatlantic.com,Male,Indonesia
947,Christoffer,MacCahey,cmaccaheyqa@soup.io,Male,Sweden
948,Mil,Laugheran,mlaugheranqb@hao123.com,Female,Portugal
949,Hobart,Danielou,hdanielouqc@un.org,Male,Ukraine
950,Waldo,Missenden,wmissendenqd@dell.com,Male,Nigeria
951,Arny,Dwelly,adwellyqe@dagondesign.com,Genderfluid,Philippines
952,Glenna,Pedlar,gpedlarqf@berkeley.edu,Female,Albania
953,Nealon,Ascroft,nascroftqg@istockphoto.com,Male,China
954,Myrtice,Chicotti,mchicottiqh@nps.gov,Female,Peru
955,Linell,Palethorpe,lpalethorpeqi@tiny.cc,Female,Kazakhstan
956,Ossie,Dilliway,odilliwayqj@discuz.net,Male,Poland
957,Del,Haswall,dhaswallqk@sphinn.com,Male,Japan
958,Torrey,Fardoe,tfardoeql@yelp.com,Male,Philippines
959,Cesare,Lingard,clingardqm@ucoz.ru,Agender,China
960,Phip,Loeber,ploeberqn@ameblo.jp,Male,United States
961,Vito,Chidlow,vchidlowqo@google.co.uk,Male,China
962,Sully,Skryne,sskryneqp@nhs.uk,Male,French Polynesia
963,Conny,De Francisci,cdefrancisciqq@who.int,Agender,Bulgaria
964,Roch,Rosenbusch,rrosenbuschqr@g.co,Female,Brazil
965,Maurene,Mc Corley,mmccorleyqs@google.ru,Female,Sweden
966,Raquela,Dunkerly,rdunkerlyqt@abc.net.au,Genderqueer,Nepal
967,Richardo,Spaule,rspaulequ@seattletimes.com,Male,Bangladesh
968,Selma,Larkcum,slarkcumqv@nsw.gov.au,Female,China
969,Lesli,Tolumello,ltolumelloqw@intel.com,Female,Thailand
970,Hedvige,Kollach,hkollachqx@aol.com,Female,Ukraine
971,Goldarina,Larn,glarnqy@feedburner.com,Female,France
972,Tracie,Gloves,tglovesqz@sakura.ne.jp,Male,China
973,Kim,Buyers,kbuyersr0@wsj.com,Female,Greece
974,Roscoe,Scallon,rscallonr1@globo.com,Male,Indonesia
975,Wolfy,Addie,waddier2@ow.ly,Male,Brazil
976,Colby,Jeandon,cjeandonr3@umich.edu,Male,Portugal
977,Edwin,Schutt,eschuttr4@chicagotribune.com,Male,China
978,Irita,Heisham,iheishamr5@newsvine.com,Female,Malaysia
979,Meridith,Smeed,msmeedr6@ycombinator.com,Female,Brazil
980,Sonny,Rubinfeld,srubinfeldr7@vkontakte.ru,Male,Afghanistan
981,Sanders,Martensen,smartensenr8@ibm.com,Male,China
982,Sharron,Rayer,srayerr9@epa.gov,Female,Sweden
983,Myrilla,Borghese,mborghesera@blogger.com,Female,Portugal
984,Felic,Haliday,fhalidayrb@google.pl,Male,Mexico
985,Francklyn,Kleynen,fkleynenrc@cam.ac.uk,Non-binary,Ireland
986,Elsi,Wilds,ewildsrd@arizona.edu,Female,Poland
987,Aleen,De Brett,adebrettre@uiuc.edu,Female,Finland
988,Cory,Alldred,calldredrf@godaddy.com,Male,Iran
989,Davin,Roast,droastrg@twitter.com,Male,China
990,Mariam,Jovovic,mjovovicrh@seesaa.net,Female,Indonesia
991,Chrissie,Grisdale,cgrisdaleri@google.co.jp,Male,Cuba
992,Heidi,Giraths,hgirathsrj@unblog.fr,Female,Czech Republic
993,Darby,Barge,dbargerk@hibu.com,Male,Philippines
994,Jordan,Wallman,jwallmanrl@clickbank.net,Male,Thailand
995,Hillary,Reeder,hreederrm@histats.com,Male,Argentina
996,Briano,McGinley,bmcginleyrn@bloglovin.com,Male,Indonesia
997,Rainer,Janway,rjanwayro@globo.com,Polygender,China
998,Christoper,Dorran,cdorranrp@ezinearticles.com,Male,Anguilla
999,Cynthia,Woolpert,cwoolpertrq@state.gov,Female,Greece
1000,Gloriana,Lynthal,glynthalrr@virginia.edu,Female,Jamaica
